Roman,163896465,/hello
Roman,163896465,/XO
Roman,163896465,/hello
Roman,163896465,/XO
Roman,163896465,/help
Roman,163896465,/help
Roman,163896465,/help
Roman,163896465,/XO start
Roman,163896465,/XO start
Roman,163896465,/XO s2tart
Roman,163896465,/help
Roman,163896465,/XO qwe
Roman,163896465,/XO qwe
Roman,163896465,/XO start
Roman,163896465,/XO 1
Roman,163896465,/help
Roman,163896465,/help
Roman,163896465,/help
Roman,163896465,/xo
Roman,163896465,/xo 1233
Roman,163896465,/xo
Roman,163896465,/xo
Roman,163896465,/xo start
