Roman,163896465,/timeRoman,163896465,/helloRoman,163896465,/xo 1
Roman,163896465,/xo start
Roman,163896465,/xo 1
Roman,163896465,/xo 0
Roman,163896465,/xo 2
Roman,163896465,/xo 1
Roman,163896465,/xo 2
Roman,163896465,/xo 3
Roman,163896465,/xo 8
Roman,163896465,/xo
Roman,163896465,/xo start
Roman,163896465,/xo 1
Roman,163896465,/xo 1
Roman,163896465,/xo start
Roman,163896465,/xo 1
Roman,163896465,/xo start
Roman,163896465,/xo 1
Roman,163896465,/xo 2
Roman,163896465,/xo 3
Roman,163896465,/help
Roman,163896465,/xo start
Roman,163896465,/xo 5
Roman,163896465,/xo 5
Roman,163896465,/xo 1
Roman,163896465,/xo 5
Roman,163896465,/xo 6
Roman,163896465,/xo start
Roman,163896465,/xo start
Roman,163896465,/xo 1
Roman,163896465,/xo 1
Roman,163896465,/xo 2
Roman,163896465,/xo 3
Roman,163896465,/xo start
Roman,163896465,/xo 1
Roman,163896465,/xo start
Roman,163896465,/xo 2
Roman,163896465,/xo start
Roman,163896465,/xo 5
Roman,163896465,/xo 9
Roman,163896465,/xo 1
Roman,163896465,/xo 1
Roman,163896465,/xo start
Roman,163896465,/xo start
Roman,163896465,/xo start
Roman,163896465,/xo start
Roman,163896465,/xo start
Roman,163896465,/xo 5
Roman,163896465,/xo 7
Roman,163896465,/xo 1
Roman,163896465,/xo 8
Roman,163896465,/xo sart
Roman,163896465,/xo start
Roman,163896465,/xo 1
Roman,163896465,/xo 2
Roman,163896465,/xo start
Roman,163896465,/xo 2
Roman,163896465,/xo 1
Roman,163896465,/xo 3
Roman,163896465,/xo start
Roman,163896465,/xo 1
Roman,163896465,/xo 2
Roman,163896465,/xo 3
Roman,163896465,/xo 1
Roman,163896465,/xo 1
Roman,163896465,/xo 2
Roman,163896465,/xo 5
Roman,163896465,/xo 6
Roman,163896465,/xo 9
Roman,163896465,/xo 1
Roman,163896465,/xo 4
Roman,163896465,/xo 6
Roman,163896465,/xo 8
Roman,163896465,/xo 8
Roman,163896465,/xo 2
Roman,163896465,/xo 3
